Handle,Title,Body (HTML),Vendor,Type,Tags,Published,Option1 Name,Option1 Value,Variant SKU,Variant Grams,Variant Inventory Tracker,Variant Inventory Qty,Variant Inventory Policy,Variant Fulfillment Service,Variant Price,Variant Compare At Price,Variant Requires Shipping,Variant Taxable,Image Src,Status,Badge (product.metafields.custom.badge),Rating (product.metafields.custom.rating),Review count (product.metafields.custom.review_count)
tap-cleaner-limescale-remover,Tap cleaner & limescale remover,<p>Plant-based spray that melts hard water stains off taps and fittings.</p>,Purelane,Kitchen,bestseller,TRUE,Title,Default Title,PL-001,500,shopify,50,deny,manual,200.00,299.00,TRUE,TRUE,,active,Best seller,4.8,237
kitchen-cleaner-foaming,"Kitchen cleaner, foaming","<p>Foaming spray that cuts grease on counters, hobs and chimneys.</p>",Purelane,Kitchen,bestseller,TRUE,Title,Default Title,PL-002,500,shopify,50,deny,manual,200.00,299.00,TRUE,TRUE,,active,Best seller,4.8,254
copper-bronze-brass-cleaner,"Copper, bronze & brass cleaner","<p>Restores shine to copper, bronze and brass without harsh acids.</p>",Purelane,Home,bestseller,TRUE,Title,Default Title,PL-003,500,shopify,50,deny,manual,200.00,299.00,TRUE,TRUE,,active,Top rated,4.8,231
washing-machine-cleaner-descaler,Washing machine cleaner & descaler,<p>Tablets that deep-clean the drum and remove scale buildup.</p>,Purelane,Laundry,bestseller,TRUE,Title,Default Title,PL-004,500,shopify,50,deny,manual,200.00,299.00,TRUE,TRUE,,active,New,4.8,183
organic-dishwash-gel,Organic dishwash liquid gel,"<p>Gentle on hands, tough on grease.</p>",Purelane,Kitchen,bestseller,TRUE,Title,Default Title,PL-005,500,shopify,50,deny,manual,200.00,299.00,TRUE,TRUE,,active,Best seller,4.7,198
non-toxic-laundry-detergent,Non-toxic laundry detergent,"<p>Removes tough stains and odour, safe for all fabrics.</p>",Purelane,Laundry,,TRUE,Title,Default Title,PL-006,500,shopify,50,deny,manual,200.00,299.00,TRUE,TRUE,,active,,4.8,211
natural-herbal-floor-cleaner,Natural herbal floor cleaner,"<p>Herbal floor cleaner, safe for kids and pets.</p>",Purelane,Home,bestseller,TRUE,Title,Default Title,PL-007,500,shopify,0,deny,manual,200.00,299.00,TRUE,TRUE,,active,,4.6,142
plant-fabric-conditioner-lavender-vetiver-refill,"Plant-based fabric conditioner & softener with lavender and vetiver essential oils for everyday laundry, 1 litre refill pack",<p>Softens and freshens every wash.</p>,Purelane,Laundry,bestseller,TRUE,Title,Default Title,PL-008,500,shopify,50,deny,manual,200.00,299.00,TRUE,TRUE,,active,New,4.7,96
non-toxic-toilet-cleaner,Non-toxic toilet cleaner,<p>Thick gel that clings under the rim.</p>,Purelane,Bathroom,bestseller,TRUE,Title,Default Title,PL-009,500,shopify,50,deny,manual,200.00,299.00,TRUE,TRUE,,active,,,
